<changelog>
	<changes>
		<version>1.0.0</version>
		<change>First Release</change>
	</changes>
	<changes>
		<version>1.0.1</version>
		<change>Lots of bug fixes</change>
	</changes>
	<changes>
		<version>1.0.2</version>
		<change>Added wifi to completely turn off in CC</change>
	</changes>
	<changes>
		<version>1.0.3</version>
		<change>Just a depictions fix</change>
	</changes>
	<changes>
		<version>1.0.4</version>
		<change>Added hiding of the iPX homebar</change>
	</changes>
	<changes>
		<version>1.0.5</version>
		<change>Fixed hiding of the iPX homebar</change>
	</changes>
</changelog>
