<package>
	<id>com.ducksepo.mastertweak</id>
	<name>Master Tweak</name>
	<version>1.0.4</version>
	<compatibility>
		<firmware>
			<miniOS>11.o</miniOS>
      <maxiOS>11.3.1</maxiOS>
		</firmware>
	</compatibility>
	<dependencies>
		<package>mobilesubstrate</package>
	</dependencies>
	<descriptionlist>
		<description>This tweak which has small (but useful) tweaks built into it.</description>
		<description>If you would like a tweak added please tell me on twitter</description>
	</descriptionlist>
	<screenshots>
		<screenshot>
			<image>Setmid.PNG</image>
		</screenshot>
		<screenshot>
			<image>Settop.PNG</image>
		</screenshot>
    <screenshot>
      <image>Setbot.PNG</image>
    </screenshot>
	</screenshots>
	<changelog>
		<change>1.0.5</change>
		<change>Fixed the Hiding of the iPhone X homebar</change>
	</changelog>
</package>
